document_type,intent,bullet_points
blog post,Myth Debunking: Challenge common misconceptions by providing factual information and emphasizing the importance of learning.,"{""Question 1"": ""What are the most common misconceptions related to the topic you want to debunk?"", ""Question 2"": ""What factual information and evidence can you provide to counter these misconceptions?"", ""Question 3"": ""Who is your target audience, and what level of prior knowledge do they have about the topic?"", ""Question 4"": ""Why is it important for your audience to understand the truth behind these misconceptions?"", ""Question 5"": ""How can you structure your blog post to clearly present the myth and then debunk it with facts?"", ""Question 6"": ""What sources or references will you use to support your factual information?"", ""Question 7"": ""How can you engage your readers and keep them interested while presenting factual information?"", ""Question 8"": ""What tone and style will be most effective in communicating with your audience?"", ""Question 9"": ""How can you emphasize the importance of learning and critical thinking in your blog post?"", ""Question 10"": ""What call-to-action or concluding message do you want to leave your readers with?""}"
email,"Job Application: Write a cover letter expressing interest in a position, highlighting relevant skills and experiences.","{""Question 1"": ""What is the specific job title and company you are applying to, and how did you learn about this opportunity?"", ""Question 2"": ""What are the key qualifications and skills listed in the job description, and how do your experiences align with them?"", ""Question 3"": ""What specific achievements or projects from your past work experience demonstrate your suitability for this role?"", ""Question 4"": ""How can you effectively introduce yourself and express your enthusiasm for the position in the opening paragraph?"", ""Question 5"": ""What are the core values and mission of the company, and how do they resonate with your professional goals and values?"", ""Question 6"": ""How can you highlight your most relevant skills and experiences in a way that addresses the employer's needs and expectations?"", ""Question 7"": ""What specific examples can you provide to illustrate your problem-solving abilities and how they have benefited previous employers?"", ""Question 8"": ""How can you convey your understanding of the company's industry and the challenges it faces, and how can you contribute to overcoming them?"", ""Question 9"": ""What is the best way to conclude your cover letter, ensuring you leave a strong impression and encourage the employer to contact you for an interview?"", ""Question 10"": ""How can you tailor your tone and language to match the company's culture and the professional nature of the job application?""}"
email,Follow-Up After Meeting: Summarize key points from a recent meeting and outline next steps.,"{""Question 1"": ""What were the main topics discussed during the meeting?"", ""Question 2"": ""Who were the key participants in the meeting, and what roles did they play?"", ""Question 3"": ""What were the most important decisions made during the meeting?"", ""Question 4"": ""What action items were assigned, and who is responsible for each one?"", ""Question 5"": ""What are the deadlines or timelines for the next steps discussed in the meeting?"", ""Question 6"": ""Were there any unresolved issues or questions that need further attention?"", ""Question 7"": ""How can you clearly summarize the meeting's outcomes for the recipients of the email?"", ""Question 8"": ""What specific information does each recipient need to know to proceed with their tasks?"", ""Question 9"": ""How can you ensure that the tone of the email is professional and concise?"", ""Question 10"": ""What follow-up actions or meetings need to be scheduled, and how should they be communicated in the email?""}"
blog post,"Company Culture Insights: Share experiences and insights about company culture, internal events, and team dynamics.","{""Question 1"": ""What are the core values and principles that define our company culture?"", ""Question 2"": ""Can you share a specific story or example that highlights a positive aspect of our company culture?"", ""Question 3"": ""How do internal events and team-building activities contribute to our company culture?"", ""Question 4"": ""What are some unique traditions or rituals that our team participates in?"", ""Question 5"": ""How does our company support and encourage professional growth and development?"", ""Question 6"": ""What role does leadership play in shaping and maintaining our company culture?"", ""Question 7"": ""How do we ensure inclusivity and diversity within our team dynamics?"", ""Question 8"": ""What feedback have employees given about their experiences with our company culture?"", ""Question 9"": ""How does our company culture impact employee satisfaction and retention?"", ""Question 10"": ""What future initiatives or changes are planned to enhance our company culture?""}"
email,"Networking Outreach: Write an email to a professional in your field for an interview, mentorship, or collaboration opportunity.","{""Question 1"": ""What is the primary goal of your email (e.g., interview, mentorship, collaboration)?"", ""Question 2"": ""How can you introduce yourself in a way that highlights your relevant background and interests?"", ""Question 3"": ""What specific aspects of the professional's work or career inspire you or align with your goals?"", ""Question 4"": ""What value or benefit can you offer to the professional in exchange for their time and assistance?"", ""Question 5"": ""How can you clearly and concisely state your request or proposal in the email?"", ""Question 6"": ""What information about your current projects or experiences can you share to establish credibility?"", ""Question 7"": ""How can you personalize the email to show that you have done your research on the professional?"", ""Question 8"": ""What is the best way to express your appreciation for the professional's time and consideration?"", ""Question 9"": ""How can you provide your contact information and suggest a follow-up method or time frame?"", ""Question 10"": ""What tone and level of formality are appropriate for this email, considering the professional's position and industry norms?""}"
blog post,"Sports Analysis: Offer detailed commentary and insights on sports events, player performances, and game outcomes.","{""Question 1"": ""What recent sports event or game will be the focus of your analysis?"", ""Question 2"": ""Who are the key players or teams involved in this event, and what are their recent performances?"", ""Question 3"": ""What specific aspects of the game or event will you analyze (e.g., strategies, key moments, player statistics)?"", ""Question 4"": ""What insights or unique perspectives can you offer that differentiate your analysis from others?"", ""Question 5"": ""Who is your target audience, and what level of sports knowledge do they possess?"", ""Question 6"": ""What background information or context is necessary for your audience to understand your analysis?"", ""Question 7"": ""How will you structure your blog post to ensure a logical flow of information and maintain reader engagement?"", ""Question 8"": ""What sources or data will you use to support your commentary and insights?"", ""Question 9"": ""What potential counterarguments or alternative viewpoints should you address in your analysis?"", ""Question 10"": ""What is the main takeaway or conclusion you want your readers to have after reading your blog post?""}"
blog post,Home Improvement: Provide tips and strategies for maintaining and organizing the home to enhance quality of life.,"{""Question 1"": ""What are the main areas of the home that require regular maintenance and organization?"", ""Question 2"": ""What specific tips and strategies can you provide for maintaining a clean and organized kitchen?"", ""Question 3"": ""How can homeowners create a practical and efficient cleaning schedule?"", ""Question 4"": ""What are some common challenges people face when trying to keep their homes organized, and how can they overcome them?"", ""Question 5"": ""What are the benefits of maintaining an organized home in terms of mental and physical well-being?"", ""Question 6"": ""How can homeowners effectively declutter their living spaces without feeling overwhelmed?"", ""Question 7"": ""What are some budget-friendly tips for organizing different areas of the home?"", ""Question 8"": ""How can technology and smart home devices assist in home maintenance and organization?"", ""Question 9"": ""What are some seasonal maintenance tasks that homeowners should be aware of?"", ""Question 10"": ""How can readers involve their family members in maintaining and organizing the home to ensure it is a shared responsibility?""}"
email,"Organizational Announcement: Compose an internal email announcing important updates within the organization, such as policy changes, new initiatives, or significant company news.","{""Question 1"": ""What is the main purpose of this organizational announcement email?"", ""Question 2"": ""Who is the primary audience for this email, and how might they be affected by the updates?"", ""Question 3"": ""What are the key updates or changes that need to be communicated in this email?"", ""Question 4"": ""How can you clearly and concisely explain the reasons behind these updates or changes?"", ""Question 5"": ""What specific details or examples can you provide to help the audience understand the impact of these updates?"", ""Question 6"": ""Are there any actions that the recipients need to take in response to this announcement? If so, what are they?"", ""Question 7"": ""How can you address potential questions or concerns that the audience might have about these updates?"", ""Question 8"": ""What tone and language should you use to ensure the message is professional yet approachable?"", ""Question 9"": ""How can you structure the email to ensure the most important information is easily accessible and understood?"", ""Question 10"": ""What follow-up information or resources can you provide to support the recipients after they read the email?""}"
blog post,"Industry Insights: Provide strategies, advice, and analyses tailored to specific industries or professions.","{""Question 1"": ""What specific industry or profession will this blog post focus on, and why is it relevant to your audience?"", ""Question 2"": ""What are the current trends or challenges in this industry that your audience should be aware of?"", ""Question 3"": ""What strategies or advice can you offer that are tailored to the unique needs of this industry or profession?"", ""Question 4"": ""Who is your target audience within this industry, and what are their primary concerns or interests?"", ""Question 5"": ""What key insights or analyses can you provide that will add value and demonstrate your expertise in this field?"", ""Question 6"": ""How can you structure your blog post to ensure it is engaging and easy to follow for your readers?"", ""Question 7"": ""What real-world examples or case studies can you include to illustrate your points and make your advice more tangible?"", ""Question 8"": ""What are the potential benefits or outcomes for your audience if they implement the strategies or advice you provide?"", ""Question 9"": ""How can you address potential objections or counterarguments that your audience might have regarding your insights or advice?"", ""Question 10"": ""What actionable steps or takeaways can you offer to help your readers apply the information from your blog post to their own professional contexts?""}"
creative writing,Time Travel Story: Write a story where a character travels between two time periods and their actions in one time affect the other.,"{""Question 1"": ""What are the two time periods your character will travel between, and how do they differ in terms of setting, culture, and technology?"", ""Question 2"": ""Who is your main character, and what motivates them to travel through time?"", ""Question 3"": ""What specific event or action in the past will significantly impact the future, and how will this change manifest?"", ""Question 4"": ""How does your character discover the ability to time travel, and what are the rules or limitations of this time travel mechanism?"", ""Question 5"": ""What conflicts or challenges does your character face in each time period, and how do these conflicts drive the plot forward?"", ""Question 6"": ""How do the secondary characters in each time period influence your main character's journey and decisions?"", ""Question 7"": ""What themes do you want to explore in your time travel story, such as fate, free will, or the consequences of tampering with time?"", ""Question 8"": ""How will you structure your narrative to clearly convey the shifts between time periods and the cause-and-effect relationship between events?"", ""Question 9"": ""What is the climax of your story, and how does the resolution of the time travel conflict affect both time periods?"", ""Question 10"": ""Who is your target audience, and how will you ensure that your story appeals to their interests and expectations regarding time travel fiction?""}"
blog post,"Investment Advice: Explain and analyze investment methods or strategies, highlighting their benefits and potential risks.","{""Question 1"": ""What is the primary investment method or strategy you want to focus on in this blog post?"", ""Question 2"": ""Who is your target audience, and what is their level of knowledge about investments?"", ""Question 3"": ""What are the key benefits of the investment method or strategy you are discussing?"", ""Question 4"": ""What are the potential risks associated with this investment method or strategy?"", ""Question 5"": ""How can you explain complex investment concepts in a way that is accessible to your audience?"", ""Question 6"": ""What real-life examples or case studies can you include to illustrate the effectiveness of this investment method or strategy?"", ""Question 7"": ""What common misconceptions or myths about this investment method or strategy should you address?"", ""Question 8"": ""How can you structure your blog post to keep readers engaged and ensure they understand the key points?"", ""Question 9"": ""What actionable advice or steps can you provide to readers who are interested in trying this investment method or strategy?"", ""Question 10"": ""How can you conclude your blog post in a way that reinforces the main takeaways and encourages further exploration or action?""}"
blog post,Behavioral Insights: Explore behavioral tendencies and offer advice on adopting positive behaviors for personal and professional success.,"{""Question 1"": ""What specific behavioral tendencies do you want to explore in this blog post?"", ""Question 2"": ""Who is your target audience, and what are their common challenges related to behavior change?"", ""Question 3"": ""What key insights or research findings can you include to support your discussion on behavioral tendencies?"", ""Question 4"": ""How can you structure your blog post to effectively introduce, explain, and provide advice on adopting positive behaviors?"", ""Question 5"": ""What real-life examples or case studies can you incorporate to illustrate the impact of positive behavioral changes?"", ""Question 6"": ""What actionable advice or strategies can you offer readers to help them implement positive behaviors in their personal and professional lives?"", ""Question 7"": ""How can you engage your readers and encourage them to reflect on their own behaviors and potential for change?"", ""Question 8"": ""What tone and style will best resonate with your audience and make the content relatable and motivating?"", ""Question 9"": ""How can you conclude your blog post in a way that reinforces the key messages and inspires readers to take action?"", ""Question 10"": ""What additional resources or further reading can you suggest to readers who want to delve deeper into the topic of behavioral insights and positive change?""}"
blog post,"Career Advice: Offer guidance on navigating career challenges, such as job hunting or professional growth.","{""Question 1"": ""What specific career challenge or aspect of professional growth will this blog post address?"", ""Question 2"": ""Who is the primary audience for this blog post, and what are their main concerns or interests regarding career development?"", ""Question 3"": ""What personal experiences or anecdotes can you share to illustrate the career advice you are offering?"", ""Question 4"": ""What actionable steps or strategies can readers implement to overcome the career challenge discussed in the post?"", ""Question 5"": ""What common mistakes or pitfalls should readers avoid when navigating this particular career challenge?"", ""Question 6"": ""How can you structure the blog post to ensure it is engaging and easy to follow for your readers?"", ""Question 7"": ""What credible sources or references can you include to support the advice and tips provided in the blog post?"", ""Question 8"": ""What key takeaways or main points do you want readers to remember after reading the blog post?"", ""Question 9"": ""How can you address potential objections or counterarguments that readers might have about the advice given?"", ""Question 10"": ""What call-to-action can you include to encourage readers to apply the advice or share their own experiences in the comments?""}"
blog post,"Property Reviews: Discuss the features and benefits of real estate properties, including analyses of amenities and value.","{""Question 1"": ""What are the key features of the property that make it stand out from others in the market?"", ""Question 2"": ""How does the location of the property contribute to its overall value and appeal?"", ""Question 3"": ""What amenities are available within the property and in the surrounding area?"", ""Question 4"": ""Who is the target audience for this property, and what are their primary needs and preferences?"", ""Question 5"": ""What are the potential benefits of investing in this property, both short-term and long-term?"", ""Question 6"": ""How does the price of the property compare to similar properties in the area?"", ""Question 7"": ""What are the unique selling points of the property that should be highlighted to attract potential buyers or renters?"", ""Question 8"": ""What are the potential drawbacks or limitations of the property that should be transparently discussed?"", ""Question 9"": ""How can the property be customized or improved to better meet the needs of the target audience?"", ""Question 10"": ""What testimonials or reviews from current or past residents can be included to provide social proof and credibility?""}"
creative writing,Science Fiction: Write about future technology or space exploration and its impact on human experience.,"{""Question 1"": ""What is the central futuristic technology or space exploration concept that will drive your story?"", ""Question 2"": ""How does this technology or space exploration impact the daily lives of your characters?"", ""Question 3"": ""What are the societal, ethical, or moral dilemmas introduced by this technology or space exploration?"", ""Question 4"": ""Who are the main characters, and how are they uniquely affected by the futuristic elements of your story?"", ""Question 5"": ""What is the setting of your story, and how does it reflect the advancements in technology or space exploration?"", ""Question 6"": ""What conflicts arise as a result of the new technology or space exploration, and how do your characters navigate these conflicts?"", ""Question 7"": ""How does the future world you are creating differ from the present, and what elements remain the same?"", ""Question 8"": ""What themes do you want to explore through the impact of future technology or space exploration on human experience?"", ""Question 9"": ""Who is your target audience, and how can you make the futuristic elements relatable and engaging for them?"", ""Question 10"": ""What is the overall message or takeaway you want your readers to have after reading your story?""}"
blog post,"Future Trends Analysis: Explore emerging societal trends and technologies, analyzing their potential impacts and implications.","{""Question 1"": ""What are the key emerging societal trends and technologies that you want to explore in this blog post?"", ""Question 2"": ""How do these trends and technologies interconnect, and what are their potential combined impacts?"", ""Question 3"": ""Who is your target audience for this blog post, and what level of familiarity do they have with the subject matter?"", ""Question 4"": ""What are the most significant potential implications of these trends and technologies for different sectors (e.g., economy, healthcare, education)?"", ""Question 5"": ""What evidence or data can you provide to support your analysis of these future trends and technologies?"", ""Question 6"": ""How can you structure your blog post to effectively communicate the importance and relevance of these trends to your audience?"", ""Question 7"": ""What are the possible challenges or risks associated with these emerging trends and technologies, and how might they be mitigated?"", ""Question 8"": ""How do you envision these trends and technologies evolving over the next 5-10 years?"", ""Question 9"": ""What are some real-world examples or case studies that illustrate the potential impacts of these trends and technologies?"", ""Question 10"": ""What actionable insights or recommendations can you offer to your readers based on your analysis of these future trends and technologies?""}"
creative writing,"Comedy Story: Write a humorous story with coincidences, misunderstandings, or quirky situations.","{""Question 1"": ""What is the central premise or main idea of your comedy story?"", ""Question 2"": ""Who are the main characters, and what are their unique quirks or traits that can lead to humorous situations?"", ""Question 3"": ""What are some potential coincidences or misunderstandings that can drive the plot and create comedic moments?"", ""Question 4"": ""What is the setting of your story, and how can it contribute to the humor?"", ""Question 5"": ""What is the main conflict or problem that the characters will face, and how can it be resolved in a funny way?"", ""Question 6"": ""How will you use dialogue to enhance the humor and reveal character personalities?"", ""Question 7"": ""What are some specific scenes or scenarios that you envision being particularly funny?"", ""Question 8"": ""Who is your target audience, and what type of humor will resonate most with them?"", ""Question 9"": ""How will you balance the humor with a coherent plot to keep the story engaging?"", ""Question 10"": ""What are some potential themes or messages you want to convey through the humor in your story?""}"
blog post,Personal Development: Write about strategies for improving mental health and well-being based on personal experiences.,"{""Question 1"": ""What personal experiences have significantly impacted your mental health and well-being?"", ""Question 2"": ""What specific strategies have you found most effective in improving your mental health?"", ""Question 3"": ""How can you describe the challenges you faced before implementing these strategies?"", ""Question 4"": ""What changes did you notice in your mental health and well-being after adopting these strategies?"", ""Question 5"": ""Who is your target audience, and what are their likely struggles with mental health?"", ""Question 6"": ""How can you make your personal experiences relatable to your audience?"", ""Question 7"": ""What actionable advice can you offer to your readers based on your experiences?"", ""Question 8"": ""How can you structure your blog post to keep your audience engaged from start to finish?"", ""Question 9"": ""What resources or references can you include to support your strategies and experiences?"", ""Question 10"": ""How can you encourage your readers to share their own experiences and strategies for improving mental health?""}"
email,Apology Letter: Write a sincere letter apologizing to a friend or colleague for a misunderstanding or mistake.,"{""Question 1"": ""What specific misunderstanding or mistake are you apologizing for, and how did it occur?"", ""Question 2"": ""How did your actions or words affect your friend or colleague emotionally and/or professionally?"", ""Question 3"": ""What is the context or background of the situation that led to the misunderstanding or mistake?"", ""Question 4"": ""Why is it important for you to apologize to this person, and what do you hope to achieve with this apology?"", ""Question 5"": ""What specific words or phrases can you use to express your sincere regret and take responsibility for your actions?"", ""Question 6"": ""How can you acknowledge the feelings and perspective of your friend or colleague in your apology?"", ""Question 7"": ""What steps have you taken or will you take to rectify the situation or prevent it from happening again?"", ""Question 8"": ""How can you convey your commitment to improving your behavior or communication in the future?"", ""Question 9"": ""What tone and language should you use to ensure your apology comes across as genuine and heartfelt?"", ""Question 10"": ""How can you close the email in a way that leaves the door open for reconciliation and continued positive relationship?""}"
creative writing,Mystery Thriller: Write a suspenseful story about a detective solving an intriguing case.,"{""Question 1"": ""What is the central mystery or crime that the detective needs to solve?"", ""Question 2"": ""Who is the main detective character, and what are their key traits and background?"", ""Question 3"": ""What motivates the detective to solve this particular case?"", ""Question 4"": ""Who are the primary suspects, and what are their possible motives and alibis?"", ""Question 5"": ""What clues and red herrings will be introduced to keep the reader guessing?"", ""Question 6"": ""What is the setting of the story, and how does it contribute to the suspenseful atmosphere?"", ""Question 7"": ""How will the detective gather information and piece together the clues?"", ""Question 8"": ""What obstacles or challenges will the detective face during the investigation?"", ""Question 9"": ""How will the story build tension and suspense leading up to the resolution?"", ""Question 10"": ""What is the resolution of the mystery, and how will the detective reveal the truth?""}"
email,Performance Evaluation: Write a comprehensive performance evaluation for an employee or team member.,"{""Question 1"": ""What are the key achievements and contributions of the employee or team member during the evaluation period?"", ""Question 2"": ""How has the employee or team member demonstrated growth or improvement in their role?"", ""Question 3"": ""What specific goals or objectives were set for the employee or team member, and how well were they met?"", ""Question 4"": ""What strengths and skills has the employee or team member consistently exhibited?"", ""Question 5"": ""Are there any areas where the employee or team member needs improvement or further development?"", ""Question 6"": ""How has the employee or team member's performance impacted the team or organization as a whole?"", ""Question 7"": ""What feedback have colleagues, clients, or other stakeholders provided about the employee or team member's performance?"", ""Question 8"": ""What specific examples or evidence can you provide to support your evaluation of the employee or team member's performance?"", ""Question 9"": ""What goals or objectives should be set for the employee or team member for the next evaluation period?"", ""Question 10"": ""How can you support the employee or team member in achieving their future goals and improving their performance?""}"
blog post,"Personal Essays: Share personal reflections and introspections on various topics, exploring deeper meanings and connections.","{""Question 1"": ""What personal experience or story do you want to share in this blog post, and why is it significant to you?"", ""Question 2"": ""What deeper meanings or insights have you gained from this experience that you want to explore in your essay?"", ""Question 3"": ""Who is your target audience for this blog post, and what do you want them to take away from your reflections?"", ""Question 4"": ""How can you connect your personal story to broader themes or universal experiences that will resonate with your readers?"", ""Question 5"": ""What emotions or feelings do you want to evoke in your readers through your writing?"", ""Question 6"": ""What specific details, anecdotes, or examples can you include to make your reflections more vivid and engaging?"", ""Question 7"": ""How will you structure your essay to ensure a clear and compelling narrative flow?"", ""Question 8"": ""What lessons or messages do you want to convey through your personal reflections, and how can you articulate them effectively?"", ""Question 9"": ""How can you use descriptive language and sensory details to immerse your readers in your experience?"", ""Question 10"": ""What questions or prompts can you pose to your readers to encourage them to reflect on their own experiences and connections to your story?""}"
blog post,"Cryptocurrency Analysis: Provide insights into cryptocurrencies, explaining economic factors and mechanisms influencing their value.","{""Question 1"": ""What are the key cryptocurrencies that should be analyzed in this blog post, and why are they significant?"", ""Question 2"": ""What economic factors most significantly influence the value of these cryptocurrencies?"", ""Question 3"": ""How do supply and demand dynamics affect the price of cryptocurrencies?"", ""Question 4"": ""What role do government regulations and policies play in the cryptocurrency market?"", ""Question 5"": ""How do technological advancements and innovations impact the value and adoption of cryptocurrencies?"", ""Question 6"": ""Who is the target audience for this blog post, and what level of understanding do they have about cryptocurrencies?"", ""Question 7"": ""What are the common misconceptions about cryptocurrencies that should be addressed in this analysis?"", ""Question 8"": ""How can historical data and trends be used to predict future movements in cryptocurrency values?"", ""Question 9"": ""What are the potential risks and rewards associated with investing in cryptocurrencies?"", ""Question 10"": ""How can readers stay informed about ongoing changes and developments in the cryptocurrency market?""}"
blog post,Productivity Advice: Offer strategies for overcoming distractions and improving focus to achieve long-term goals.,"{""Question 1"": ""What are the most common distractions that people face when trying to focus on their long-term goals?"", ""Question 2"": ""What are some proven strategies for overcoming these distractions?"", ""Question 3"": ""How can readers identify their personal distractions and triggers?"", ""Question 4"": ""What role does environment play in maintaining focus, and how can readers optimize their workspace?"", ""Question 5"": ""What are some time management techniques that can help readers stay on track with their long-term goals?"", ""Question 6"": ""How can readers set realistic and achievable goals to maintain motivation and focus?"", ""Question 7"": ""What are some tools or apps that can assist readers in minimizing distractions and improving productivity?"", ""Question 8"": ""How can readers develop a daily routine that supports sustained focus and productivity?"", ""Question 9"": ""What are the psychological aspects of distraction, and how can readers train their minds to stay focused?"", ""Question 10"": ""Can you share personal anecdotes or case studies that illustrate successful strategies for overcoming distractions and achieving long-term goals?""}"
creative writing,"Epic Fantasy: Write a story about a hero's journey in an imagined world filled with mythical creatures, fantastical realms, and challenges.","{""Question 1"": ""What is the central quest or mission that drives the hero's journey in your epic fantasy story?"", ""Question 2"": ""Who is the hero of your story, and what are their key characteristics, strengths, and weaknesses?"", ""Question 3"": ""What is the imagined world like, including its geography, cultures, and history?"", ""Question 4"": ""What mythical creatures inhabit your world, and what roles do they play in the story?"", ""Question 5"": ""What fantastical realms or locations will the hero visit during their journey, and what makes each place unique?"", ""Question 6"": ""What challenges and obstacles will the hero face, and how will these shape their character and growth?"", ""Question 7"": ""Who are the key allies and mentors that will assist the hero, and what are their motivations and backgrounds?"", ""Question 8"": ""Who or what is the primary antagonist or force of evil in your story, and what are their goals and motivations?"", ""Question 9"": ""How does the hero's journey impact the broader world and its inhabitants, and what are the stakes involved?"", ""Question 10"": ""What themes and messages do you want to convey through the hero's journey and the epic fantasy setting?""}"
creative writing,Contemporary Life: Write a story about professional relationships and personal growth in a contemporary work setting.,"{""Question 1"": ""Who is the protagonist, and what is their role in the contemporary work setting?"", ""Question 2"": ""What are the key professional relationships that will be explored in the story?"", ""Question 3"": ""How does the protagonist's work environment influence their personal growth?"", ""Question 4"": ""What specific challenges does the protagonist face in their professional life?"", ""Question 5"": ""How do these professional challenges impact the protagonist's personal life and growth?"", ""Question 6"": ""What are the main conflicts or tensions between the protagonist and their colleagues or superiors?"", ""Question 7"": ""How do the protagonist's personal values and goals align or clash with their professional responsibilities?"", ""Question 8"": ""What pivotal moments or events will drive the protagonist's development and relationships in the story?"", ""Question 9"": ""How do secondary characters contribute to the protagonist's journey of personal growth?"", ""Question 10"": ""What is the ultimate resolution or outcome for the protagonist in terms of their professional relationships and personal growth?""}"
blog post,"Tech Review: Analyze the pros and cons of a new gadget or software, offering insights for potential buyers.","{""Question 1"": ""What are the key features and specifications of the new gadget or software that should be highlighted?"", ""Question 2"": ""Who is the target audience for this tech review, and what are their primary concerns or interests?"", ""Question 3"": ""What are the main advantages of this gadget or software compared to its competitors?"", ""Question 4"": ""What are the potential drawbacks or limitations of this gadget or software that buyers should be aware of?"", ""Question 5"": ""How does the price of the gadget or software compare to similar products on the market?"", ""Question 6"": ""What are the real-world applications or use cases for this gadget or software?"", ""Question 7"": ""What kind of user experience can buyers expect from this gadget or software in terms of ease of use, performance, and reliability?"", ""Question 8"": ""Are there any notable reviews or testimonials from other users or experts that can be referenced?"", ""Question 9"": ""What are the long-term considerations for buyers, such as updates, customer support, and warranty?"", ""Question 10"": ""What is the overall recommendation for potential buyers, and who would benefit most from this gadget or software?""}"
blog post,"Marketing Strategies: Discuss various tools and strategies to improve marketing efforts, focusing on enhancing engagement and conversions.","{""Question 1"": ""What are the primary goals you want to achieve with this blog post on marketing strategies?"", ""Question 2"": ""Who is the target audience for this blog post, and what are their key characteristics and needs?"", ""Question 3"": ""What are the main marketing tools and strategies you plan to discuss, and why are they relevant to your audience?"", ""Question 4"": ""How can you structure the blog post to ensure it is engaging and easy to follow for your readers?"", ""Question 5"": ""What real-life examples or case studies can you include to illustrate the effectiveness of the marketing strategies you are discussing?"", ""Question 6"": ""What are the common challenges your audience faces in marketing, and how can the strategies you discuss help overcome these challenges?"", ""Question 7"": ""How can you incorporate data or statistics to support the effectiveness of the marketing tools and strategies you are recommending?"", ""Question 8"": ""What actionable tips or steps can you provide to help your readers implement the marketing strategies you discuss?"", ""Question 9"": ""How can you optimize the blog post for search engines to increase its visibility and reach a wider audience?"", ""Question 10"": ""What call-to-action (CTA) will you include to encourage readers to engage further with your content or services?""}"
blog post,"Health and Fitness Advice: Share practical tips and strategies for improving physical health, fitness, and overall well-being.","{""Question 1"": ""What are the main health and fitness topics you want to cover in this blog post?"", ""Question 2"": ""Who is your target audience, and what are their primary health and fitness concerns?"", ""Question 3"": ""What practical tips and strategies can you offer that are backed by credible sources or personal experience?"", ""Question 4"": ""How can you structure the blog post to make it easy for readers to follow and understand your advice?"", ""Question 5"": ""What common misconceptions about health and fitness can you address and clarify for your readers?"", ""Question 6"": ""How can you incorporate real-life examples or success stories to illustrate your points?"", ""Question 7"": ""What actionable steps can readers take immediately after reading your blog post to improve their health and fitness?"", ""Question 8"": ""How can you ensure that your advice is inclusive and applicable to a diverse audience with varying fitness levels and goals?"", ""Question 9"": ""What tone and style will you use to engage and motivate your readers effectively?"", ""Question 10"": ""How will you conclude your blog post to leave a lasting impression and encourage readers to take action or seek further information?""}"
email,"Event Invitation: Invite guests to a special event, providing details and generating excitement.","{""Question 1"": ""What is the main purpose of the event and why is it important for the guests to attend?"", ""Question 2"": ""Who is the target audience for this event and what are their interests or needs?"", ""Question 3"": ""What are the key details of the event (date, time, location) that need to be clearly communicated?"", ""Question 4"": ""What specific information about the event should be highlighted to generate excitement and interest?"", ""Question 5"": ""How can you personalize the invitation to make each recipient feel valued and special?"", ""Question 6"": ""What is the desired tone and style of the email to match the nature of the event?"", ""Question 7"": ""What call-to-action should be included to encourage guests to RSVP or take the next step?"", ""Question 8"": ""Are there any special instructions or additional information (e.g., dress code, parking) that need to be included?"", ""Question 9"": ""How can you convey a sense of urgency or importance to prompt a timely response from the guests?"", ""Question 10"": ""What follow-up information or contact details should be provided in case guests have questions or need further assistance?""}"
blog post,"Book Review: Analyze a book's themes, writing style, and impact, sharing your personal response and recommendations.","{""Question 1"": ""What are the main themes of the book, and how are they developed throughout the story?"", ""Question 2"": ""How would you describe the author's writing style, and how does it contribute to the overall impact of the book?"", ""Question 3"": ""What are the key plot points and how do they drive the narrative forward?"", ""Question 4"": ""Who are the main characters, and how do their personalities and actions influence the story?"", ""Question 5"": ""What is your personal response to the book, and how did it affect you emotionally or intellectually?"", ""Question 6"": ""What are the strengths and weaknesses of the book, and how do they affect your overall impression?"", ""Question 7"": ""How does the book compare to other works by the same author or within the same genre?"", ""Question 8"": ""What specific examples from the book can you use to support your analysis of its themes and writing style?"", ""Question 9"": ""Who is the intended audience for this book, and how well does it meet their expectations?"", ""Question 10"": ""Would you recommend this book to others, and if so, what type of reader would most enjoy it?""}"
creative writing,Young Adult Fantasy: Write a story about a teenager discovering their extraordinary abilities in a world where magic exists.,"{""Question 1"": ""What is the main character's background, personality, and initial situation before discovering their abilities?"", ""Question 2"": ""What kind of magical abilities does the teenager discover, and how do they manifest?"", ""Question 3"": ""What is the setting of the story, including the world where magic exists? Describe its rules, geography, and societal structure."", ""Question 4"": ""Who are the key supporting characters, and what roles do they play in the protagonist's journey?"", ""Question 5"": ""What is the central conflict or challenge that the protagonist faces after discovering their abilities?"", ""Question 6"": ""How does the protagonist's discovery of their abilities affect their relationships with friends, family, and others in their world?"", ""Question 7"": ""What are the protagonist's goals and motivations throughout the story?"", ""Question 8"": ""What obstacles and antagonists does the protagonist encounter, and how do they impact the story's progression?"", ""Question 9"": ""How does the protagonist grow and change as a result of their experiences and challenges?"", ""Question 10"": ""What is the intended message or theme of the story, and how do you want the young adult audience to feel or think after reading it?""}"
creative writing,"Historical Fiction: Write a story set in a specific time period of the past, where historical events and social conditions shape a character's personal journey.","{""Question 1"": ""What specific time period and location will your story be set in, and what are the key historical events of that era?"", ""Question 2"": ""Who is your main character, and how do their personal background and experiences reflect the social conditions of the time?"", ""Question 3"": ""What historical events will directly impact your character's personal journey, and how will they respond to these events?"", ""Question 4"": ""What are the primary social, political, and cultural issues of the time period, and how do they influence the world your character lives in?"", ""Question 5"": ""How will you incorporate historical details and settings to create an authentic atmosphere for your story?"", ""Question 6"": ""What conflicts, both internal and external, will your character face as a result of the historical context?"", ""Question 7"": ""How will your character's personal journey intersect with real historical figures or events?"", ""Question 8"": ""What research will you need to conduct to ensure historical accuracy in your story?"", ""Question 9"": ""Who is your target audience, and what do you want them to take away from your story about this historical period?"", ""Question 10"": ""How will you balance historical accuracy with creative storytelling to engage your readers?""}"
blog post,"Cultural Exploration: Dive into the traditions and customs of a culture different from your own, promoting understanding and appreciation.","{""Question 1"": ""What specific culture will you be exploring in your blog post, and why did you choose this culture?"", ""Question 2"": ""What are the key traditions and customs of this culture that you want to highlight?"", ""Question 3"": ""How can you provide historical context to help readers understand the origins of these traditions and customs?"", ""Question 4"": ""What personal experiences or anecdotes can you share to make the cultural exploration more relatable and engaging for your readers?"", ""Question 5"": ""Who is your target audience, and what prior knowledge might they have about this culture?"", ""Question 6"": ""What are some common misconceptions or stereotypes about this culture that you can address and clarify in your post?"", ""Question 7"": ""How can you structure your blog post to maintain a logical flow and keep readers engaged from start to finish?"", ""Question 8"": ""What sources or references will you use to ensure the accuracy and credibility of the information you present?"", ""Question 9"": ""How can you highlight the importance of cultural understanding and appreciation in your conclusion?"", ""Question 10"": ""What call-to-action or reflection questions can you include to encourage readers to further explore and appreciate this culture?""}"
email,Thank You Note: Write a heartfelt letter thanking someone for their support or kindness during a challenging time.,"{""Question 1"": ""What specific actions or gestures did the person take that you are grateful for?"", ""Question 2"": ""How did their support or kindness impact you during the challenging time?"", ""Question 3"": ""Can you recall a particular moment or instance that stood out to you as especially meaningful?"", ""Question 4"": ""What emotions did you feel when you received their support or kindness?"", ""Question 5"": ""How has their support influenced your current situation or outlook?"", ""Question 6"": ""What personal qualities of the person do you admire and appreciate?"", ""Question 7"": ""How can you express your gratitude in a way that feels genuine and heartfelt?"", ""Question 8"": ""What future actions or plans do you have that were made possible by their support?"", ""Question 9"": ""Is there a specific way you would like to stay in touch or continue to show your appreciation?"", ""Question 10"": ""How can you convey the depth of your gratitude in a concise and clear manner?""}"
blog post,"Biography: Write detailed accounts of individuals' lives, achievements, and contributions, highlighting their impact on society or their field.","{""Question 1"": ""Who is the individual you are writing about, and what are the key phases of their life that you want to highlight?"", ""Question 2"": ""What are the most significant achievements and contributions of this individual, and how have they impacted their field or society?"", ""Question 3"": ""What challenges or obstacles did this person face, and how did they overcome them?"", ""Question 4"": ""What are some lesser-known facts or anecdotes about this individual that can add depth to their biography?"", ""Question 5"": ""Who is your target audience for this blog post, and what aspects of the individual's life will resonate most with them?"", ""Question 6"": ""What sources of information will you use to ensure the accuracy and richness of the biography?"", ""Question 7"": ""How will you structure the blog post to maintain a logical flow and keep the reader engaged from start to finish?"", ""Question 8"": ""What quotes or testimonials from others can you include to provide additional perspectives on the individual's impact?"", ""Question 9"": ""How can you highlight the individual's legacy and the lasting effects of their work or actions?"", ""Question 10"": ""What is the main message or takeaway you want your readers to have after reading the biography?""}"
blog post,"Place Reflections: Write about a specific short experience at a particular place, such as visiting a unique restaurant, museum, park, or local event.","{""Question 1"": ""What was the specific place you visited, and what makes it unique or noteworthy?"", ""Question 2"": ""What were your initial expectations before visiting this place, and how did they compare to your actual experience?"", ""Question 3"": ""Can you describe the atmosphere and ambiance of the place in detail?"", ""Question 4"": ""What were the most memorable moments or highlights of your visit?"", ""Question 5"": ""How did the place engage your senses (sight, sound, smell, taste, touch)?"", ""Question 6"": ""Who were the people you encountered during your visit, and how did they contribute to your experience?"", ""Question 7"": ""What emotions or thoughts did the place evoke in you, and why?"", ""Question 8"": ""How does this place compare to similar places you have visited in the past?"", ""Question 9"": ""What practical information or tips would you offer to someone planning to visit this place?"", ""Question 10"": ""What lasting impact did this visit have on you, and how might it influence your future choices or recommendations?""}"
blog post,"Comparative Reviews: Compare multiple products, services, or activities to help readers make informed decisions.","{""Question 1"": ""What are the key products, services, or activities you will be comparing in this blog post?"", ""Question 2"": ""What criteria will you use to evaluate and compare these products, services, or activities?"", ""Question 3"": ""Who is your target audience, and what are their primary concerns or interests regarding these products, services, or activities?"", ""Question 4"": ""What are the main features, benefits, and drawbacks of each product, service, or activity you are comparing?"", ""Question 5"": ""How do the prices of the products, services, or activities compare, and what value do they offer for their cost?"", ""Question 6"": ""What are the unique selling points or standout features of each product, service, or activity?"", ""Question 7"": ""What are the common use cases or scenarios in which each product, service, or activity excels or falls short?"", ""Question 8"": ""What are the sources of information or data you will use to support your comparisons and conclusions?"", ""Question 9"": ""How will you structure your blog post to ensure it is clear, logical, and easy for readers to follow?"", ""Question 10"": ""What is the ultimate recommendation or conclusion you want to provide to your readers based on your comparisons?""}"
creative writing,Parody Retelling: Write a humorous and creative reinterpretation of a classic story or historical event in a modern or unexpected context.,"{""Question 1"": ""Which classic story or historical event will you be retelling, and what are the key elements of the original that you want to highlight or satirize?"", ""Question 2"": ""What modern or unexpected context will you place your retelling in, and how will this new setting enhance the humor and creativity of your parody?"", ""Question 3"": ""Who is your target audience, and what kind of humor or references will resonate most with them?"", ""Question 4"": ""What are the main characters in the original story or event, and how will you reinterpret them in a humorous and modern way?"", ""Question 5"": ""What specific scenes or moments from the original story or event will you parody, and how will you twist them to fit your new context?"", ""Question 6"": ""How will you balance staying true to the original story or event while adding your own creative and humorous spin?"", ""Question 7"": ""What tone and style of humor will you use (e.g., satire, slapstick, irony), and how will it contribute to the overall parody?"", ""Question 8"": ""What modern-day issues, trends, or cultural references can you incorporate to make your retelling relevant and engaging?"", ""Question 9"": ""How will you structure your retelling to ensure it has a clear beginning, middle, and end while maintaining the comedic elements?"", ""Question 10"": ""What message or commentary, if any, do you want to convey through your parody, and how will you weave this into the narrative?""}"
creative writing,Alternate Reality: Write a story set in a world where fundamental aspects of our reality are different.,"{""Question 1"": ""What are the fundamental aspects of reality that are different in your alternate world, and how do they impact daily life?"", ""Question 2"": ""What is the setting of your story, and how does it reflect the changes in this alternate reality?"", ""Question 3"": ""Who are the main characters in your story, and how are they affected by the altered aspects of reality?"", ""Question 4"": ""What is the central conflict or problem in your story, and how is it influenced by the differences in this alternate world?"", ""Question 5"": ""How do the societal structures and norms differ in your alternate reality compared to our own?"", ""Question 6"": ""What unique challenges or opportunities do your characters face because of the altered reality?"", ""Question 7"": ""How do the changes in reality affect technology, science, and innovation in your story?"", ""Question 8"": ""What themes do you want to explore through the differences in this alternate reality?"", ""Question 9"": ""How do the characters' goals and motivations reflect the unique aspects of the alternate world?"", ""Question 10"": ""What is the tone and mood of your story, and how do they align with the alternate reality you have created?""}"
blog post,"Opinion Piece: Discuss your perspective on social, political or environmental issues, advocating for change and encouraging thoughtful dialogue.","{""Question 1"": ""What specific social, political, or environmental issue do you want to address in your blog post?"", ""Question 2"": ""What is your main argument or perspective on this issue?"", ""Question 3"": ""Who is your target audience, and what are their likely views or knowledge about this issue?"", ""Question 4"": ""What background information or context will your audience need to understand your perspective?"", ""Question 5"": ""What evidence, examples, or data can you provide to support your argument?"", ""Question 6"": ""What counterarguments or opposing views might your audience have, and how will you address them?"", ""Question 7"": ""What tone and style will be most effective in engaging your audience and conveying your message?"", ""Question 8"": ""What specific change or action are you advocating for, and why is it important?"", ""Question 9"": ""How can you encourage thoughtful dialogue and engagement from your readers on this issue?"", ""Question 10"": ""What concluding thoughts or calls to action will leave a lasting impact on your audience?""}"
email,"Negotiation Email: Write an email to negotiate terms of a contract, agreement, or proposal.","{""Question 1"": ""What are the key terms and conditions you want to negotiate in the contract or agreement?"", ""Question 2"": ""What is the primary objective you want to achieve through this negotiation email?"", ""Question 3"": ""Who is the recipient of this email, and what is their role in the negotiation process?"", ""Question 4"": ""What background information or context does the recipient need to understand your position?"", ""Question 5"": ""What are your non-negotiable terms, and what areas are you willing to compromise on?"", ""Question 6"": ""How can you clearly and concisely articulate your proposed changes or terms?"", ""Question 7"": ""What supporting evidence or rationale can you provide to justify your proposed terms?"", ""Question 8"": ""What tone and language should you use to maintain a professional and collaborative atmosphere?"", ""Question 9"": ""What potential objections or counterarguments might the recipient have, and how can you address them in your email?"", ""Question 10"": ""What is your desired timeline for receiving a response or reaching an agreement, and how will you communicate this in the email?""}"
blog post,"Relationship Advice: Share personal insights and experiences about relationships, emphasizing growth and understanding.","{""Question 1"": ""What personal experiences have significantly shaped your understanding of relationships?"", ""Question 2"": ""What key lessons have you learned from your own relationships that you believe would benefit your readers?"", ""Question 3"": ""How can you illustrate the importance of growth and understanding in relationships through your own stories?"", ""Question 4"": ""Who is your target audience, and what specific relationship challenges might they be facing?"", ""Question 5"": ""What tone and style will best resonate with your audience while discussing personal insights and experiences?"", ""Question 6"": ""What common relationship myths or misconceptions can you address and debunk in your blog post?"", ""Question 7"": ""How can you structure your blog post to keep readers engaged and provide clear, actionable advice?"", ""Question 8"": ""What examples or anecdotes can you share to make your advice more relatable and impactful?"", ""Question 9"": ""How can you balance sharing personal stories with offering general advice that applies to a wide audience?"", ""Question 10"": ""What key takeaways or actionable steps do you want your readers to remember and implement after reading your post?""}"
blog post,"How-To Guide: Provide step-by-step tutorials on mastering a skill, hobby, or recipe, including personal tips and the stories behind them.","{""Question 1"": ""What specific skill, hobby, or recipe will you be teaching in this how-to guide?"", ""Question 2"": ""Who is your target audience, and what is their current level of expertise with this skill, hobby, or recipe?"", ""Question 3"": ""What are the key steps involved in mastering this skill, hobby, or recipe, and how can you break them down into clear, manageable parts?"", ""Question 4"": ""What personal tips or tricks have you discovered that can help your audience succeed more easily or quickly?"", ""Question 5"": ""What common mistakes or challenges might your audience encounter, and how can they be avoided or overcome?"", ""Question 6"": ""What personal stories or experiences can you share to make the guide more engaging and relatable?"", ""Question 7"": ""What background information or context does your audience need to fully understand and appreciate the skill, hobby, or recipe?"", ""Question 8"": ""How can you structure your blog post to ensure a logical flow from introduction to conclusion?"", ""Question 9"": ""What additional resources or references can you provide to help your audience further their learning or practice?"", ""Question 10"": ""How will you encourage your audience to take action and apply what they have learned from your guide?""}"
blog post,"Creative Motivation: Encourage creators to embrace authenticity and consistent output, emphasizing the value of publishing frequently.","{""Question 1"": ""What personal experiences or stories can you share that highlight the importance of embracing authenticity in creative work?"", ""Question 2"": ""How can you define and explain the concept of 'authenticity' in the context of creative output?"", ""Question 3"": ""What are some common fears or obstacles creators face when trying to be authentic, and how can they overcome them?"", ""Question 4"": ""Why is it important for creators to publish frequently, and what benefits can they expect from consistent output?"", ""Question 5"": ""What practical tips or strategies can you offer to help creators maintain a regular publishing schedule?"", ""Question 6"": ""How can you address the potential challenges of maintaining quality while publishing frequently?"", ""Question 7"": ""What examples of successful creators who embrace authenticity and consistent output can you include to inspire your readers?"", ""Question 8"": ""How can you encourage readers to find their unique voice and style in their creative work?"", ""Question 9"": ""What role does audience feedback play in helping creators stay authentic and motivated to publish regularly?"", ""Question 10"": ""How can you create a compelling call-to-action that motivates readers to start embracing authenticity and consistent output in their own creative projects?""}"
email,"Advocacy and Appeals: Write emails to government representatives or officials seeking intervention, support, or changes regarding regulatory or policy issues affecting you or your business.","{""Question 1"": ""What specific regulatory or policy issue are you addressing in your email?"", ""Question 2"": ""Who is the government representative or official you are writing to, and what is their role in relation to the issue?"", ""Question 3"": ""What is the main objective of your email? Are you seeking intervention, support, or a change in policy?"", ""Question 4"": ""What background information or context does the recipient need to understand the issue fully?"", ""Question 5"": ""How does the current regulatory or policy issue affect you or your business specifically?"", ""Question 6"": ""What evidence or data can you provide to support your claims and illustrate the impact of the issue?"", ""Question 7"": ""What specific actions or changes are you requesting from the government representative or official?"", ""Question 8"": ""How can you demonstrate the broader implications of the issue for the community or industry, beyond your personal or business impact?"", ""Question 9"": ""What tone and language will be most effective in persuading the recipient to take your request seriously?"", ""Question 10"": ""How will you conclude your email to ensure a clear call to action and encourage a timely response?""}"
blog post,"Travel Guide: Share details of your long trip or travel, and provide advice for future travelers.","{""Question 1"": ""What was the primary destination of your long trip, and what makes it unique or interesting?"", ""Question 2"": ""Can you describe the key highlights and experiences of your journey that future travelers should not miss?"", ""Question 3"": ""What were the most challenging aspects of your trip, and how did you overcome them?"", ""Question 4"": ""What essential travel tips and advice would you give to someone planning a similar trip?"", ""Question 5"": ""How did you prepare for your trip, and what resources or tools were most helpful?"", ""Question 6"": ""What cultural insights or local customs did you learn about during your travels that would be useful for others to know?"", ""Question 7"": ""Can you recommend any specific accommodations, restaurants, or attractions that stood out during your trip?"", ""Question 8"": ""What was your budget for the trip, and how did you manage your expenses effectively?"", ""Question 9"": ""How did your trip impact you personally, and what lasting memories or lessons did you take away from it?"", ""Question 10"": ""What are some common mistakes or pitfalls that travelers should avoid when visiting the same destination?""}"
blog post,"Design Analysis: Critique and discuss design elements and principles, providing professional insights and real-world applications.","{""Question 1"": ""What specific design elements and principles will you focus on in this blog post?"", ""Question 2"": ""Who is your target audience, and what level of design knowledge do they possess?"", ""Question 3"": ""What is the main purpose of your critique and discussion on these design elements?"", ""Question 4"": ""Can you provide real-world examples where these design principles have been effectively applied?"", ""Question 5"": ""What are the common mistakes or misconceptions related to these design elements that you want to address?"", ""Question 6"": ""How can you structure your blog post to ensure it is engaging and informative for your readers?"", ""Question 7"": ""What professional insights or unique perspectives can you offer on these design principles?"", ""Question 8"": ""How will you support your analysis with evidence or references to authoritative sources?"", ""Question 9"": ""What actionable advice or takeaways do you want your readers to gain from your blog post?"", ""Question 10"": ""How will you conclude your blog post to reinforce the key points and encourage further discussion or exploration?""}"
email,Customer Complaint: Write a letter to a company addressing a service issue and requesting resolution.,"{""Question 1"": ""What is the specific service issue you experienced, and how did it affect you?"", ""Question 2"": ""When did the service issue occur, and can you provide any relevant dates or times?"", ""Question 3"": ""Who was involved in the service issue, and can you provide any names or roles of the staff members?"", ""Question 4"": ""What steps have you already taken to resolve the issue, and what was the outcome of those efforts?"", ""Question 5"": ""What specific resolution are you seeking from the company to address the service issue?"", ""Question 6"": ""How has this service issue impacted your perception of the company and its services?"", ""Question 7"": ""What supporting evidence or documentation can you provide to help illustrate the service issue?"", ""Question 8"": ""How would you like the company to communicate with you regarding the resolution of this issue?"", ""Question 9"": ""What is your preferred timeline for receiving a response or resolution from the company?"", ""Question 10"": ""How can the company improve its services to prevent similar issues from occurring in the future?""}"
blog post,"Game Reviews: Evaluate video games' storytelling, mechanics, and impact, sharing personal experiences and perspectives.","{""Question 1"": ""What is the main storyline of the video game, and how does it engage the player?"", ""Question 2"": ""How do the game mechanics enhance or detract from the overall gaming experience?"", ""Question 3"": ""What are the standout features of the game's design and graphics?"", ""Question 4"": ""How does the game compare to others in its genre in terms of storytelling and mechanics?"", ""Question 5"": ""What personal experiences did you have while playing the game that influenced your perspective?"", ""Question 6"": ""Who is the target audience for this game, and how well does it cater to their preferences?"", ""Question 7"": ""What impact does the game have on the player, both emotionally and intellectually?"", ""Question 8"": ""What are the strengths and weaknesses of the game's character development?"", ""Question 9"": ""How does the game's soundtrack and audio design contribute to the overall experience?"", ""Question 10"": ""What recommendations would you give to potential players based on your review?""}"
blog post,"Movie/TV Review: Evaluate a film or show's storytelling, performances, and themes, offering your perspective on its strengths and weaknesses.","{""Question 1"": ""What is the central plot or storyline of the film or show, and how effectively is it developed throughout?"", ""Question 2"": ""Who are the main characters, and how well are their roles portrayed by the actors?"", ""Question 3"": ""What themes are explored in the film or show, and how are they conveyed to the audience?"", ""Question 4"": ""How does the direction and cinematography contribute to the overall storytelling?"", ""Question 5"": ""What are the standout moments or scenes in the film or show, and why do they leave a lasting impression?"", ""Question 6"": ""How does the film or show compare to others in the same genre or by the same director?"", ""Question 7"": ""What are the strengths of the film or show, and how do they enhance the viewing experience?"", ""Question 8"": ""What are the weaknesses or areas where the film or show falls short, and how do they impact the overall quality?"", ""Question 9"": ""Who is the target audience for this film or show, and how well does it cater to their expectations and preferences?"", ""Question 10"": ""What is your overall impression of the film or show, and would you recommend it to others? Why or why not?""}"
email,"Professional Declinations: Write emails explaining the reasons for declining requests or proposals, addressing potential concerns, and outlining next steps.","{""Question 1"": ""What is the main reason for declining the request or proposal, and how can it be clearly articulated?"", ""Question 2"": ""Who is the primary audience for this email, and what is their relationship to you or your organization?"", ""Question 3"": ""What potential concerns might the recipient have upon receiving this declination, and how can they be addressed empathetically?"", ""Question 4"": ""What are the key points that need to be included to ensure the recipient understands the decision is final?"", ""Question 5"": ""How can you express appreciation for the request or proposal while still being firm in your decision?"", ""Question 6"": ""What alternative solutions or next steps can you suggest to the recipient to help them move forward?"", ""Question 7"": ""How can you maintain a positive and professional tone throughout the email to preserve the relationship?"", ""Question 8"": ""What specific details or context should be included to provide a clear and transparent explanation for the declination?"", ""Question 9"": ""How can you structure the email to ensure it is concise yet comprehensive?"", ""Question 10"": ""What closing remarks can you include to leave the recipient with a positive impression and open the door for future interactions?""}"
creative writing,"Romance Story: Write a story about two people falling in love, exploring themes like connection, heartbreak, or reconciliation.","{""Question 1"": ""Who are the main characters in your romance story, and what are their backgrounds, personalities, and motivations?"", ""Question 2"": ""What is the initial setting of your story, and how does it influence the characters and their interactions?"", ""Question 3"": ""How do the two main characters meet, and what are their first impressions of each other?"", ""Question 4"": ""What obstacles or conflicts do the characters face that challenge their relationship and how do they overcome them?"", ""Question 5"": ""What key moments or turning points in the story significantly impact the characters' relationship development?"", ""Question 6"": ""How do the characters' past experiences with love and heartbreak influence their current relationship?"", ""Question 7"": ""What themes related to connection, heartbreak, or reconciliation do you want to explore, and how will they be woven into the narrative?"", ""Question 8"": ""How do secondary characters contribute to the main characters' journey and the overall story arc?"", ""Question 9"": ""What is the climax of your romance story, and how does it resolve the central conflict between the characters?"", ""Question 10"": ""What is the final resolution of the story, and how have the characters grown or changed by the end?""}"
